name,address,district,phone,profile_pic,description,user_id
歌朗妮酒店,九龍塘金巴倫道30-32號,九龍塘,23367074,https://iopenroom.com//web/upload/1633414510_0920d874e63c2784091100b0dc1843cb.jpg,歌朗妮酒店 ( Corinne Hotel ),1
海麗賓館,九龍長沙灣青山道524-526號1字樓A&B室,深水埗,23712694,https://iopenroom.com//web/upload/1633418202_6b1a734ffdfde8bcb4db2a8ef781a7a6.jpg,海麗賓館 ( Hoi Lai Guest House ),1
泰好住,深水埗順寧道483號順景華庭1字樓A室,深水埗,2742 0111,https://iopenroom.com//web/upload/1633419251_60d041125dc1a3ad8ce762ecdbc8cb70.jpg,泰好住 ( THE COMFORT LIVING INN ),1
亞洲賓館,英皇道390-394號亞洲大廈6字樓A&B室,北角,2570 4381,https://iopenroom.com//web/upload/1633423002_e96c52b2d1fb673336eead5e6aae83d0.jpg,亞洲旅館位於香港的中心地帶，距離港鐵尖沙咀站僅有幾步之遙，提供實惠的住宿和免費WiFi。 旅館距離各種購物中心均有不到10分鐘的步行路程，包括國際廣場、K11購物中心和海港城。每間客房都為客人提供電視、空調和電熱水壺，設有帶吹風機和拖鞋的私人連接浴室。其他設施包括壁爐和風扇。 亞洲旅館設有24小時前台，提供行李寄存和外幣兑換服務，可應要求提供訂票服務。,1
中港酒店,北角七姊妹道25-31號1字樓,北角,25614618,https://iopenroom.com//web/upload/1633423512_53293415bfb444892d3d08fc39282859.jpg,香港中港酒店位置於港島區，交通四通八達，極為理想及方便（鄰近北角港鐵站B4出口及電車站）。着名食市林立，有大型購物熱點，逛街首選。另外，附近還有新光戲院，是香港現時碩果僅存的大型影院，極有特色。,1
雅悉酒店,香港九龍雅息士道18-20號,九龍塘,23381233,https://iopenroom.com//web/upload/1633493508_844ec1ed4b98739618df2af5413291e0.webp,"香港雅悉酒店位置方便優越，坐落九龍塘傳統豪宅地段，香港九龍的中部,低密度住宅區，區內以平房及別墅為主，為賓客提供一個集寧靜、優雅、舒適的客房服
務。位置交通便利，臨近香港浸會大學，來往港鐵九龍塘站約2分鐘步程，可輕鬆前往香港各主要景點，比鄰區內地標[又一城商場Festival Walk]名店購物、吃喝
玩樂、應有盡有！是商務旅客和觀光遊客的理想居亭。",1
維記 - 尖沙咀,尖沙咀金巴利道80號2樓,尖沙咀,2736 3688,https://iopenroom.com//web/upload/1631849913_3a9be6c617565ff54c2fd8f6a3eee31a.jpg,本地時鐘酒店品牌，尖沙咀位置非常就腳，睇完戲食飯飲野催情爆房一條龍。,1
百佳酒店,灣仔軒尼詩道275-285,灣仔,2587 9988,https://iopenroom.com//web/upload/1632805616_5d81b7984e2f2b251e3b122f5ef712db.jpg,本地時鐘酒店品牌，香港人一定認識的爆房本土品牌，灣仔呢間要搭Lift上樓，然後有阿姐帶進房，房間比較細但勝在冷氣夠，而床單枕頭以至浴室都乾淨，還有送兩支水，但上去的朋友記得買袋，阿姐及櫃臺員工很有禮的。,1
百佳酒店,尖沙咀金巴利道27-33號27號,尖沙咀,2367 7005,https://iopenroom.com//web/upload/1632731734_c6d181ed8093fda89bf47d19f9485db5.jpg,本地時鐘酒店品牌，香港人一定認識的爆房本土品牌，尖沙咀呢間要搭Lift上樓，然後有阿姐帶進房，房間比較細但勝在冷氣夠，而床單枕頭以至浴室都乾淨，還有送兩支水，但上去的朋友記得買袋，阿姐及櫃臺員工很有禮的。,1
百佳酒店,旺角登打士街2-8號,旺角,2770 1028,https://iopenroom.com//web/upload/1632734487_ef78392c7fa840992e6375255926aea7.jpg,本地時鐘酒店品牌，香港人一定認識的爆房本土品牌，尖沙咀呢間要搭Lift上樓，然後有阿姐帶進房，房間比較細但勝在冷氣夠，而床單枕頭以至浴室都乾淨，還有送兩支水，但上去的朋友記得買袋，阿姐及櫃臺員工很有禮的。,1
豪景賓館,九龍深水福榮街45號1字樓A及B室,深水埗,27783712,https://iopenroom.com//web/upload/1633337323_6ee44b90fc4adbcf5a766996c818f7bb.jpg,豪景賓館 ( Good View GuestHouse ),1
金源賓館,九龍深水埗福華街77號1字樓,深水埗,2777 7372,https://iopenroom.com//web/upload/1633338054_6f517bb51dca14ff281fb764307086f9.jpg,金源賓館 ( Golden Source ),1
怡達賓館,九龍深水埗大南街270號1字樓,深水埗,23042256,https://iopenroom.com//web/upload/1633338863_668ee1a148a8ce63530e80a7a7a5c351.jpg,怡達賓館 ( Yi Tak Guest House ),1
好運賓館,九龍深水埗桂林街119號2樓,深水埗,2346 1098,https://iopenroom.com//web/upload/1633339793_105da15acf1686d0d9142e4995e126f1.jpg,好運賓館 ( Lucky Hostel ),1
海洋賓館,九龍長沙灣青山道250號1字樓前座,深水埗,23605005,https://iopenroom.com//web/upload/1633340432_8107e0f070d1c3b5fbd6bd7044b98079.jpg,海洋賓館 ( Hoi Yeung Villa ),1
金屋酒店,九龍塘施他佛道23號,九龍塘,2337 4221,https://iopenroom.com//web/upload/1633411546_e1be7960917ad42389b37b7655b574ec.jpg,"麻雀雖小，五臟俱全
裝修簡單潔淨，房內設施齊全
不單止近九龍塘MTR , 仲設有免費停車場
（車位有限，先到先得）",1
禮尚酒店,九龍塘雅息士道3號,九龍塘,2338 6222,https://iopenroom.com//web/upload/1633413974_117d85b0b55b15d0b20cb2503d76ecbc.jpg,"異國風酒店正式改名為「禮尚酒店」。
每間房仿效不同國家的特式而設計，令住客有如置身於不同國家一樣，帶給住客有到異地旅遊相同的享受和relax 的感覺。酒店內還有日本、泰國、英國等設計, 房內設備齊全，有無線上網，豐富電視節目等 ，亦提供小食及飲品。而浴室亦安裝了大型按摩浴缸及按摩花灑等。",1
明珠時鐘酒店,荃灣川龍街74號貴生樓1字樓,荃灣,23355309,https://iopenroom.com//web/upload/1632817672_4af52202f77beb11ba59ce2056aa7878.jpg,明珠時鐘酒店 ( Pearl Hotel ),1
環球時鐘酒店,荃灣沙咀道207-211號華成樓A座1字樓B室,荃灣,37554599,https://iopenroom.com//web/upload/1632816998_90f0c4e67805f0c9a7ac71f2442c85eb.jpg,環球時鐘酒店 ( Global World Hotel ),1
銀都酒店,荃灣禾笛街23-25號1/F,荃灣,24162633,https://iopenroom.com//web/upload/1632815536_b5639b56e5212ce232048220e869ec2f.jpg,銀都酒店 ( Ngan Tou Hotel ),1
康樂賓館,新界荃灣大河道85號寶成樓1字樓8座,荃灣,24930795,https://iopenroom.com//web/upload/1632814814_600522273f877b9ff085ebe58a43a224.jpg,康樂賓館 ( Hong Lo Guest House ),1
麗豪小築,荃灣荃灣街巿街31號1字樓E室,荃灣,3591 3310,https://iopenroom.com//web/upload/1632813274_4a56829f5de773fb30d1fb9318ff6da7.jpg,麗豪小築 ( Lai Ho Villa ),1
維記 - 歌頓道,銅鑼灣歌頓道9號,銅鑼灣,2578 7823,https://iopenroom.com//web/upload/1631869258_e1c80488853d86ab9d6decfe30d8930f.jpg,維記 - 歌頓道 ( Hotel Victoria - Gordon Road ),1
維記 - 旺角,旺角砵蘭街194-196號維多利亞大廈4F-23F,旺角,2625 9999,https://iopenroom.com//web/upload/1631857383_6a4376afbe3b422054b89547acab3d5e.jpg,維記 - 旺角 ( Hotel Victoria - Tsim Sha Tsui ),1
異國風酒店,九龍塘羅福道9號1字樓,九龍塘,2338 6223,https://iopenroom.com//web/upload/1633413311_ec13f64851a75ad09c94d9e37e7a61f5.jpg,"酒店位於九龍塘羅福道。我們貫徹以往的設備，異風情內每一間房都擁有與別不同的格調。由地上每一張地毯、床舖、床架、牆上裝飾、浴室等，都幾經精心考慮而佈局，務求讓住客感覺置身世外桃源，一解身心疲累

每間房仿效不同國家的特式而設計，令住客有如置身於不同國家一樣，帶給住客有到異地旅遊相同的享受和relax 的感覺。酒店內還有日本、泰國、英國等設計, 房內設備齊全，有無線上網，豐富電視節目等 ，亦提供小食及飲品。而浴室亦安裝了大型按摩浴缸及按摩花灑等。",1
維記 - 天后,銅鑼灣英皇道14號,天后,2578 7829,https://iopenroom.com//web/upload/1631870577_b637b17af08aced8850c18cccde915da.jpg,維記 - 天后 ( Hotel Victoria - Tin Hau ),1
桃源賓館,荃灣楊屋道57號,荃灣,2405 0482,https://iopenroom.com//web/upload/1632809009_d5a47ae2eb84ce194d94260c3aee497d.jpg,桃源賓館 ( Tao Yuen House ),1
金太陽賓館,新界荃灣川龍街101號1字樓,荃灣,2419 9918,https://iopenroom.com//web/upload/1632984324_b04d36b8952e95a3a07b4ef59891a134.jpg,金太陽賓館 ( Gold Sun House ),1
翠華酒店,新界荃灣大河道85A號寶成樓1字樓,荃灣,24930795,https://iopenroom.com//web/upload/1632985402_31010ea88e84bbe1d62b3e2240acff6a.jpg,翠華酒店 ( Chui Wah Hotel ),1
龍濤閣賓館,九龍觀塘牛頭角道357-375號仁安大廈1字樓Q室,觀塘,23456976,https://iopenroom.com//web/upload/1633329552_565ac5aac137b2fd3d9433ffb5674464.jpg,龍濤閣賓館 ( Lung Tao Kwok Villa ),1
新一代小築,九龍牛頭角牛頭角道305-325A號官塘立成大廈2字,觀塘,24997322,https://iopenroom.com//web/upload/1633332701_191c06b31f1846ab00a499f6e5235c4d.jpg,新一代小築 ( New generation house ),1
黃金酒店,九龍深水欽州街98號1字樓,深水埗,2386 3299,https://iopenroom.com//web/upload/1633334266_f14e6f1a355519ff566fab7bb1b557c4.jpg,黃金酒店 ( Golden Hotel ),1
好景賓館,九龍深水埗汝洲街179號及南昌街106-110號1字樓,深水埗,23800237,https://iopenroom.com//web/upload/1633335468_bc6de909351bc66ea38cfeb5019979fa.jpg,好景賓館 ( Ho King Guest House ),1
富麗小築,元朗同樂街10-16號金華樓1字樓C&D室,元朗,24750357,https://iopenroom.com//web/upload/1632896514_94878be00574a1f9518078181c656539.jpg,富麗小築 ( Fairy Villa ),1
玫瑰園小築,葵涌石蔭路79號金祿樓1字樓,葵涌,24890103,https://iopenroom.com//web/upload/1632887406_19853564376aacd9dc2810567aabcd07.png,玫瑰園小築 ( Rose Garden Villa ),1
荷李活酒店,荃灣沙咀道243-245號2樓,荃灣,37554488,https://iopenroom.com//web/upload/1632885006_dbb7edd5f600426e1acf9ff1f4ca2cc7.jpg,荷李活酒店 ( Hollywood Hotel ),1
京都酒店,荃灣區沙咀道232號,荃灣,24922797,https://iopenroom.com//web/upload/1632819416_11dd0f2646bccf1a1bab9ca3f21a56b9.jpg,京都酒店 ( Capital Hotel ),1
香港住宿2,尖沙咀金馬倫道34-36A號福僑大廈5樓C室,尖沙咀,94523439,https://iopenroom.com//web/upload/1665261962_1d4823ff6d47d58771fc1aeb81a8faf8.jpeg,香港住宿2 ( HONG KONG MOTEL 2 ),1
oneroom,尖沙咀漆咸道南29-31號溫莎大廈5樓A&B室,尖沙咀,56279646,https://iopenroom.com//web/upload/1667967200_d67d30718f56d9e2f5dbab35f8ab24f9.jpg,"oneroom尖沙咀日系簡約風時鐘酒店
-
/ Netflix
免尷尬全自助入住/情侶/朋友/聚會
尖沙咀全新簡約自助式時租旅館",1
BoBInn 小熊酒店,旺角彌敦道607號新興大廈16樓1603室,旺角,62535600,https://iopenroom.com//web/upload/1667983786_c0d3989a3bea95969f4ec4b1b4109aa5.jpg,"BoBInn 小熊酒店 ( BoB INN )

免費提供
空調，電視，WI-FI，充電線，樽裝水X2，安全套X1，一次性毛巾X2",1
香港怡家酒店,九龍旺角彌敦道731-733號振宜大廈10樓A-D室。,旺角,62886930,https://iopenroom.com//web/upload/1680162263_0cf301ec2f14b95732685b92e61a0a07.jpg,歡迎時鐘朋友，100元2小時，送支裝水及清潔用品，夜9時開始至第日午11時300元。裝修整潔服務好！歡迎自由行日租300-900元，月租免押金，上期即可，免費清潔洗衣物！祝各位老板萬事順心順意！,1
銀宮酒店,新界元朗擊壤路12號福業樓2字樓,元朗,24421112,https://iopenroom.com//web/upload/1634006955_a52439a9b444703967e27feaf4a376e6.jpeg,銀宮酒店 ( Golden View Hotel ),1
新漢宮酒店,元朗元朗安寧路100-108號安利大樓1字樓B&C室,元朗,2478 2691,https://iopenroom.com//web/upload/1632898967_0e41d820144938c3fa411173213bce77.jpg,新漢宮酒店 ( New Hon Kung Hotel ),1
新明苑賓館,新界元朗大棠路61-65號好景樓1字樓,元朗,2474 1587,https://iopenroom.com//web/upload/1632971021_b04d36b8952e95a3a07b4ef59891a134.jpg,新明苑賓館 ( New Ming Yuen Villa ),1
樂宮別墅,新界元朗康樂路19號鈞德樓1字樓P座,元朗,26692998,https://iopenroom.com//web/upload/1632972596_eccbc87e4b5ce2fe28308fd9f2a7baf3.jpg,樂宮別墅 ( Lok Kun Villa ),1
新港酒店,元朗東成里路1號,元朗,24736622,https://iopenroom.com//web/upload/1632979259_d8aeb6b1778abd04f1224a2fcb8303ec.jpg,新港酒店 ( Sun Kong Hotel ),1
錦田賓館,新界元朗錦田錦田巿6號地下,元朗,24778619,https://iopenroom.com//web/upload/1632980648_4af52202f77beb11ba59ce2056aa7878.jpg,錦田賓館 ( Kam Tin Hotel ),1
金葉別墅,九龍油麻地寧波街23-25號1字樓,佐敦,2780 9387,https://iopenroom.com//web/upload/1634972762_e4cd88b70547dcde3379941aadf0205d.jpeg,金葉別墅 ( Kam Yip Villa ),1
富麗別墅,九龍油麻地寧波街31號1字樓,佐敦,23594089,https://iopenroom.com//web/upload/1634973371_3069ae1d4ec78fd264e1bfebe38315c1.jpeg,富麗別墅 ( FU LAI VILLA ),1
華恩酒店,九龍旺角水渠道34-36號東樂大樓1字樓,旺角,2787 3229,https://iopenroom.com//web/upload/1634974919_addc134b0f64b4d561820238f69e525b.jpeg,華恩酒店 ( GRANDE RHINE HOTEL ),1
綠恩酒店,九龍旺角通菜街201&203號1字樓,旺角,3165 8628,https://iopenroom.com//web/upload/1634979757_a930d6007e4f20dd68496719be4c8b12.jpeg,綠恩酒店 ( GREENLAND HOTEL ),1
華廈別墅,九龍旺角染布房街17-18號1字樓,旺角,2396 0481,https://iopenroom.com//web/upload/1634980334_94f51d6be5815e13a6fcda9ab789c925.jpg,華廈別墅 ( HUA HA GUEST HOUSE ),1
金鳳凰賓館,九龍旺角西洋菜南街214-216號1字樓,旺角,27892329,https://iopenroom.com//web/upload/1634983889_0a9a76b8cddc6d50de946fd1d2622ced.jpeg,金鳳凰賓館 ( Guest House ),1
御花園酒店,九龍油麻地碧街43號碧蘭大樓3字樓A室,油麻地,2332 0147,https://iopenroom.com//web/upload/1635047397_461962f0b4bfc9d941ba0cee18d002f4.jpeg,御花園酒店 ( EMPEROR GARDEN ),1
明珠酒店,九龍油麻地碧街43號碧蘭大樓4字樓,油麻地,2384 0113,https://iopenroom.com//web/upload/1635049905_680a1ee9a46a070686be8ad8c23a6c4b.jpeg,明珠酒店 ( PEARL APARTMENT ),1
富恒旅館 (彌敦道),尖沙咀彌敦道80號金鑾大廈11樓D室,尖沙咀,93836689,https://iopenroom.com//web/upload/1649094260_e6d94cedc15db536bca51ecc12ebddfa.jpg,"交通方便 一分鐘到尖沙咀地鐵站
價錢合理
提供 Netflix 及Disney+
自助入住 無需尷尬",1
富恒旅館 (漢口道),尖沙咀漢口道19至21號漢宜大廈8樓B室,尖沙咀,93836689,https://iopenroom.com//web/upload/1649094620_e68ae1b665933f6646fd189688e7a6c2.jpg,"交通方便 3分鐘達尖沙咀港鐵 鄰近大型購物中心
價錢合理
提供 Netflix 及Disney+
自助入住無需尷尬",1
西湖酒店 / J HOTEL,九龍油麻地南京街6號百達大廈3字樓,旺角,2332 0813,https://iopenroom.com//web/upload/1634371840_92ef5c205be82d0d4455252435c3e085.jpg,西湖大酒店提供優質的住宿，位於香港的餐飲美食，購物中心，娛樂夜生活區，是商務和休閑的熱門之選。酒店位置優越，讓遊人前往市區內的熱門景點變得方便快捷。,1
QQ Hotel,油麻地登打士街46 號恒隆大廈4字樓,旺角,2370 8232,https://iopenroom.com//web/upload/1634545107_38a8884071c3c3a792254d01b4efbca0.jpg,持牌賓館，集團經營，時尚裝修，自設洗衣工場，所有毛巾床單保證清潔衛生，地點就腳，高清LED電視，高速無線寬頻上網。,1
時尚（設時鐘）酒店,九龍尖沙咀金巴利道27-33號永利大廈6字樓D室,尖沙咀,2688 0555,https://iopenroom.com//web/upload/1634827783_fc03c1830b9bebce978a103587cafcb8.jpeg,入住完美住宿是開展旅程的必備要素。快來享受住宿提供的所有客房免費Wi-Fi吧！ 住宿位於尖沙咀的絕佳位置，讓你輕鬆探索周邊景點。,1
阿樂賓館,西洋菜南街146-152號2字樓152室,旺角,70830989,https://iopenroom.com//web/upload/1634876378_76edca859425db9513a860adae5dbbb8.jpg,"Happy hotel鄰近旺角中心、新之城、T.O.P Mall（地理位置優越）

酒店全新別致裝修，獨特嘅牆身配以裝飾畫進行裝扮，盡心搭配的床單及cushion，以高檔質感打造簡約舒適空間。

絕對係你妳、妳妳、你你在人來人往繁華鬧都市的寧靜綠洲！",1
麗豪別墅,九龍旺角登打士街37號9字樓,旺角,2384 2113,https://iopenroom.com//web/upload/1634879219_7653471184f92de9037ec5fd04778512.jpeg,麗豪別墅 ( Lai Ho Villa ),1
星輝賓館,旺角登打士街44-46號恆隆大廈9樓,旺角,2782 3933,https://iopenroom.com//web/upload/1634880063_8a08bb341dedbfd54f5937a6360b8d84.jpg,入住完美住宿是開展旅程的必備要素。快來享受住宿提供的所有客房免費Wi-Fi吧！ 住宿位於香港旺角的絕佳位置，讓你輕鬆探索熱門景點和餐飲選擇。,1
蟠龍別墅,九龍旺角洗衣街165號1字樓,旺角,2392 9866,https://iopenroom.com//web/upload/1634886047_2c731c3dd0592a8a3d256c9300b6172b.jpeg,蟠龍別墅 ( POON LOONG INN ),1
西班牙賓館,九龍旺角亞皆老街99號2字樓,旺角,2787 6540,https://iopenroom.com//web/upload/1634886875_9e30862c63095ab66cab8b2dd64a6dcf.jpg,西班牙賓館 ( SPANISH HOSTEL ),1
維珍尼亞賓館,九龍旺角西洋菜南街86-88號聯興大廈2字樓,旺角,21916868,https://iopenroom.com//web/upload/1634894697_82e3d66b38c02499dae4f5f75715ef02.jpeg,坐落於旺角、油麻地的香港維珍尼亞賓館，至旺角地鐵站衹需步行前往。優美的環境，再搭配上細緻周到的服務，酒店的休閑區定能滿足您的品質需求。,1
輝煌小築,九龍旺角旺角道26-28號1字樓,旺角,23915393,https://iopenroom.com//web/upload/1634902318_849eb77c120e30e8ccc35d34821fc317.jpg,輝煌小築位於旺角道，交通便利，提供舒適的休息環境,1
美景賓館,土瓜灣落山道78號美景樓第二期4字樓22室,土瓜灣,2387 8269,https://iopenroom.com//web/upload/1633673956_70e1c7e4abf54c2b421bf6bf485b050c.jpg,美景賓館 ( Mei King Apartment ),1
雅麗別墅,九龍九龍城太子道376-378號2字樓A&C室,太子,2382 3086,https://iopenroom.com//web/upload/1633674602_387795c86765346eca0c041bac00348b.jpg,雅麗別墅 ( Nga Li Villa ),1
桃園賓館,九龍城太子道362號福佬村道交界1字樓2A室,太子,2716 7074,https://iopenroom.com//web/upload/1633678993_04c1fb59fe87445dd88cbe540e544e5e.jpg,桃園賓館 ( To Yuen Guest House ),1
華都別墅/ 華都賓館,深水埗元洲街54-56號1字樓,深水埗,2725 1863,https://iopenroom.com//web/upload/1633680327_d40d1a80bd4ebea1047655b54d481602.jpg,華都別墅/ 華都賓館 ( WAH DO VILLA ),1
龍源賓館,九龍旺角洗衣街215號1字樓前座,旺角,2398 3313,https://iopenroom.com//web/upload/1633682332_d28a48f2c7306d4ac4ebbc3a8564316d.webp,龍源賓館 ( LUNG YUEN GUESTHOUSE ),1
薀莎酒店 / 金莎酒店,尖沙咀漆咸道南29-31號溫莎大廈1字樓,尖沙咀,2369 9103,https://iopenroom.com//web/upload/1634282758_4c23671a9119d7848d9b64452a5fc526.jpg,本地時鐘酒店品牌，位置非常就腳，寶勒巷飲野催情爆房一條龍。,1
陽光旅館,尖沙咀彌敦道86-88A號 安樂大廈10樓E室,尖沙咀,9407 7374,https://iopenroom.com//web/upload/1634285309_441b22dea0dfb38a6322b713f8f46430.jpg,位於九龍尖沙咀的 Sunrise Inn 房間設計簡約溫馨，致力為每一位客人提供一個整潔、舒適的私人空間與伴侶密友盡情享受歡樂時光。,1
自助爆房 / 惠福旅館,尖沙咀彌敦道58號美麗都大廈3字樓A8室,尖沙咀,5602 7898,https://iopenroom.com//web/upload/1634286074_ccf22cfc0ef3dfb3bf82e7da416ce5a2.jpg,"自助爆房 - Mini SPACE。

免費提供空調，電視，WI-FI，充電線，樽裝水X2，安全套X1，一次性毛巾X2

房間設有 NETFLIX ，YouTube",1
C3 SPACE,尖沙咀咀彌敦道58號美麗都大廈11字樓C3,尖沙咀,56027898,https://iopenroom.com//web/upload/1634356197_3279401776f2dfeefce26d349b12a12e.jpg,"自助爆房 - C3 SPACE。

免費提供空調，電視，WI-FI，充電線，樽裝水X2，安全套X1，一次性毛巾X2

房間設有 NETFLIX ，YouTube",1
非凡酒店,尖沙咀加連威老道16號加連威大廈5字樓前座,尖沙咀,95100388,https://iopenroom.com//web/upload/1634363458_59c86e13b2d71649dbbc54389420424e.jpg,"非凡酒店 FEI FAN HOTEL。

全自助模式：入住 / 退房

無須會面，不怕尷尬

樓下有鐵閘，大廈人流極小

提供: 時租、過夜、住宿服務

交通方便 • 私隱度高 • 環境舒適 • 乾淨衛生

房間每次都會清潔消毒",1
利苑別墅/ 龍苑小築,香港銅鑼灣利園山道70號鳳鳴大廈2字,銅鑼灣,2881 1925,https://iopenroom.com//web/upload/1633508831_e35415b752bb4ec1d1aa419b8235c91b.jpg,利苑別墅/ 龍苑小築 ( LEE GARDEN VILLAS ),1
暮舍,銅鑼灣軒尼詩道482號泰港大廈5字樓E2室,銅鑼灣,9383 1757,https://iopenroom.com//web/upload/1633510496_d93cebaeff4ea9001bf2f78ff63caf71.png,"The Night暮舍。

24小時營業持牌賓館

全新Projector

任睇Netflix

多種付款方法

徹底清潔及消毒

一次性用品",1
名閣酒店,灣仔駱克道141號香江大廈2字樓D&E室,灣仔,2135 8692,https://iopenroom.com//web/upload/1633582988_b17c0492d199df58913ad65da6e09b60.webp,香港名閣酒店位於港島區市中心，交通便利，房間簡潔舒適。距離灣仔地鐵站A1出口步行2-3分鐘，距離香港會議展覽中心大約步行5分鐘。,1
伊甸園,香港中環威靈頓街148號,中環,2850 6289,https://iopenroom.com//web/upload/1633586999_57244cb0f8da19ec3d1441e773179ffb.jpg,"位於中環威靈頓街的Mingle at the Eden位置優越，鄰近中環SOHO區及蘭桂芳。

行去中環DONKI都唔洗10分鐘，夜晚去行下重拾旅行既感覺。
酒店提供免費Wi-Fi、毛巾兩套及一次性洗漱用品、每間房附送兩支水及Condom，部分房間更設有Chromecast。

24小時前台服務提供Quick Check in，不收押金，所以Check out時，只要係房打個電話，就可以從另一個出口離開。

酒店房間有不同設計，有圓床，鏡面天花，按摩浴池等，加上柔和燈光，更添浪漫氣氛，特色房間有限，先到先得，如有須要可致電查詢及預約。",1
心心賓館,新蒲崗衍慶街34-58號衍慶大廈B座2字樓5室,新蒲崗,23213457,https://iopenroom.com//web/upload/1633663275_eac704e49efde38064bcdc0633c12ff9.jpg,心心賓館 ( Sum Sum Apartment ),1
富麗宮賓館,新蒲崗崇齡街80號如意樓1字樓,新蒲崗,2329 3386,https://iopenroom.com//web/upload/1633666433_387795c86765346eca0c041bac00348b.jpg,富麗宮賓館 ( Guest House ),1
美麗宮賓館,九龍新蒲崗崇齡街91&93號安強大樓1字樓,新蒲崗,2725 1863,https://iopenroom.com//web/upload/1633667142_5809d5ceed49f19f8f16333c0bf4ed97.jpg,美麗宮賓館 ( MAY LAI KUNG GUEST HOUSE ),1
雅仕賓館,土瓜灣道237號益豐大廈A座2字樓,土瓜灣,2667 0519,https://iopenroom.com//web/upload/1633670796_387795c86765346eca0c041bac00348b.jpg,雅仕賓館位於香港的土瓜灣區，距離女人街和廟街夜市約 15 分鐘車程。鄰近啟德郵輪碼頭和旺角區，停靠機場快線九龍站和地鐵尖沙咀站、紅磡站、太子站。飯店距離九龍城碼頭僅數步之遙；距離旺角商圈和 MegaBox 購物中心均為 10 分鐘車程。,1
芝柏別墅,土瓜灣道237號益豐大廈A座1字樓201室,土瓜灣,23339131,https://iopenroom.com//web/upload/1633671766_787883f4e12f95cbd7d438d1c7d7b697.jpg,芝柏別墅 ( Gee Pak Villa ),1
益豐賓館,土瓜灣道237A號益豐大廈B座1字樓215-217室,土瓜灣,2667 0518,https://iopenroom.com//web/upload/1633672431_0c6a25aa9f0768257b4476f60c37e24b.webp,坐落於紅磡、九龍城，香港益豐賓館都是理想的下榻之處。酒店休閑區提供了各類設施，您可以在這裏舒緩身心壓力。,1
大埔賓館,大埔廣福道21-25號廣福大廈2字樓,大埔,2653 2822,https://iopenroom.com//web/upload/1632893578_21923e621f7682388183f0f87c126660.jpg,"大埔酒店是大埔區唯一本土特色酒店，建築總面積11,000多呎，酒店大廳加客房共兩層，以精細化為導向，集旅遊、商務、度假、住宿為一體的綜合性精品酒店，有最佳的地理位置，便捷的交通。

因此我們更加注重客戶入住本店的感受，為了讓賓客擁有流暢入住體驗，酒店設有網上入住登記歡迎網上預約，針對環境和不同客戶需求的趨勢變化，靈活月租服務（學生房）、移動性和互聯性的高速5G網路二十四小時無限覆蓋，發自內心的提供卓越品質的服務。",1
上水酒店,新界上水新樂街3號1字樓,上水,26732878,https://iopenroom.com//web/upload/1632982026_63b121ed9425d9cdfe6b6bef5094d6ae.jpg,上水酒店 ( Sheung Shui Hotel ),1
名人酒店,香港九龍九龍塘金巴倫道37號地下,九龍塘,23366268,https://iopenroom.com//web/upload/1633494095_ad7f5e537f79edb7bb573d6edb71dd7c.jpg,名人酒店 ( Personage Hotel ),1
金碧輝煌酒店,鰂魚涌英皇道846號民新大廈1字樓A、B室,鰂魚涌,2562 2566,https://iopenroom.com//web/upload/1633500088_b04d36b8952e95a3a07b4ef59891a134.jpg,金碧輝煌酒店提供舒適的私人空間給各位，型格設計貼心服務，同區爆房一流。,1
北角賓館,北角英皇道330-332號美都大廈2字樓A室,北角,25714238,https://iopenroom.com//web/upload/1633500751_124e1d871d8bf04ed2b8f45864486a00.png,位於香港北角的舒適時租酒店，為您提供浪漫的私密空間。,1
美都旅館,北角英皇道330-332號美都大廈7字樓A室,北角,31090690,https://iopenroom.com//web/upload/1633501781_3fb4bcaf4c9988d2e636e18026bc36d7.jpg,提供優雅的房間佈置，適合度過特別的時光。,1
美輪賓館,北角書局街23號美輪大廈9字樓D室,北角,9336 8352,https://iopenroom.com//web/upload/1633502345_8a3fbfa2cf86c9a682add7b1a6e09de0.jpg,擁有現代化設施的賓館，讓您享受愉快的時光。,1
蜜月時租酒店,銅鑼灣利園山道70號鳳鳴大廈4字樓G&H室,銅鑼灣,2881 8825,https://iopenroom.com//web/upload/1633504317_21c16b257fab5ff399d2836221c56bc7.webp,專為新婚夫婦打造的浪漫之地，營造甜蜜的回憶。,1
喜來園別墅,銅鑼灣禮頓道42-56號禮智大廈1字樓,銅鑼灣,2890 7384,https://iopenroom.com//web/upload/1633506211_6f86f98378fe9bf96a9b58e3ac3d3eae.jpg,環境優美的度假別墅，適合度過愜意的休閒時光。,1
杏花小築,灣仔謝斐道404-406號文石大廈1字樓,灣仔,28336610,https://iopenroom.com//web/upload/1633507577_84aee680ac4de87cd7b3dc8b370d186f.jpg,提供溫馨舒適的住宿環境，讓您仿佛置身於杏花盛開的仙境。,1
皇宮賓館,新界元朗合益路86-90號建益樓1字樓,元朗,24731795,https://iopenroom.com//web/upload/1632900472_e7024f4cfc1e6dbde27530b4f728b319.jpg,提供皇家般的奢華住宿體驗，讓您感受尊貴的享受。,1
漫春天精品酒店,九龍塘律倫街一號,九龍塘,2338 6221,https://iopenroom.com//web/upload/1631852664_d8996c0f498cb51ad7cd8c331d934d0b.jpg,為您提供優雅的住宿環境，讓您在春天盡情放鬆身心。,1
明珠賓館,元州街66A號1字樓A&B室,深水埗,27286343,https://iopenroom.com//web/upload/1633420278_c54b739b68ee7b04d9d9f87f9f54e749.jpg,提供典雅舒適的住宿設施，讓您度過難忘的一夜。,1
京華賓館(佐敦),九龍油麻地南京街19-21號2字樓,佐敦,2385 6115,https://iopenroom.com//web/upload/1634957928_c97ec21fcbbd35b713873f884f67280e.jpg,位於佐敦區的時尚賓館，提供高品質的住宿體驗。,1
雅仕賓館,九龍觀塘康寧道41號金僑華廈5字樓6&7室,觀塘,23444842,https://iopenroom.com//web/upload/1633328772_8d798375ad4d0499afae9d6e3fdfeb44.jpeg,為您打造高雅的住宿環境，讓您享受一段美好的時光。,1
海景小築,新界元朗合益路92號-100號凱旋樓1字樓B室,元朗,28850711,https://iopenroom.com//web/upload/1632969858_1a6f8e62a0e7d0e6d6c41e2f8890f325.jpg,元朗區爆房之選,1
新時代時鐘酒店,香港銅鑼灣利園山道70號鳳鳴大廈1樓,銅鑼灣,2577 5513,https://iopenroom.com//web/upload/1633503049_8c1b2e7a306cc330ed2e0b64409f5354.jpg,"坐落於銅鑼灣的中心地帶，距離市中心僅0.1 km， 利園商場2期和時代廣場也近在咫尺。 
新時代賓館的設施和優質服務會讓客人的入住變得更加愉快。  
酒店客房經過精心設計，以舒適、方便為高標準，每間客房配備浴缸, 浴袍, 冰箱, 浴室, 液晶電視和免費瓶裝水。 除此之外，酒店各種娛樂設施一定會讓您在留宿期間享受更多樂趣。",1
碧麗宮賓館,九龍觀塘康寧道41號金僑華廈2字樓1室,觀塘,23414266,https://iopenroom.com//web/upload/1633330719_d86a5758269c052bef865af36087c206.jpg,擁有華麗裝潢的賓館，讓您感受到豪華的住宿體驗。,1
香港比華利酒店,灣仔駱克道181號京城大廈4字樓,灣仔,2507 2026,https://iopenroom.com//web/upload/1633576666_2bc67e6fbe419240ed99b06005083a5b.jpg,香港知名的時租酒店，為您提供舒適的住宿環境。,1
小熊酒店,油麻地彌敦道578-580號恒隆大廈7字樓,旺角,62535600,https://iopenroom.com//web/upload/1634364580_701342689be450d07f3d3d10dd0ae1c4.jpg,"小熊酒店係一間新式嘅主題旺角時鐘酒店，每個房間都有唔同主題設計，有小熊主題，溫馨可愛。有日式主題，解你思鄉情結。有文青主題，俾你影相擺pose。最重要係令你每次嚟都可以有唔同嘅體驗。係小熊酒店staycation，都一樣可以好chill!
 
我哋除左有時租外，更加有提供晚上特價過夜，俾你同伴侶，可以成晚盡情咁享受二人世界，係激情過後，相擁而睡。除左特價過夜房間，我哋亦都有提供激戰爆房時段，令你時間上唔使就住就住，可以一次又一次盡情咁同伴侶激烈戰鬥。",1
新金碧賓館,荃灣楊屋道77號,荃灣,2407 6833,https://iopenroom.com//web/upload/1632808006_d2b8806904353d338818abf9f14ea60c.jpg,提供現代化設施與舒適的住宿環境，讓您度過愉快的時光。,1
巴黎賓館,荃灣眾安街81號,荃灣,2493 0145,https://iopenroom.com//web/upload/1632811842_f9e8342cb9a465af333fbb6545ad819a.jpg,型格賓館讓您感受浪漫之夜。,1
金巴利酒店,尖沙咀金巴利道18號香檳大廈1字樓,尖沙咀,2723 9280,https://iopenroom.com//web/upload/1632722177_b74d5f68dcb94944fc2b8976034d6c1f.jpg,位於繁華市區的時租酒店，提供便捷的交通與舒適的住宿。,1
荃旅店,荃灣四陂坊17號1-3樓,荃灣,24396911,https://iopenroom.com//web/upload/1681541652_a87ff679a2f3e71d9181a67b7542122c.jpg,荃酒店房間設備齊備，床頭櫃及獨立電源，書桌椅子。全部房間具獨立洗手間和冷熱水浴室、電熱瓶、房內WiFi寬頻上網、電視和獨立空調。,1
龍湖賓館,元朗同樂街25-29號鴻福樓1字樓1室,元朗,24731887,https://iopenroom.com//web/upload/1632899751_abbcad2596d57e82ebeb76c6c1f94b13.jpg,龍湖賓館 ( Lung Wu Guest House ),1
大埔酒店,新界大埔運頭角里6號美楓大廈1字樓,大埔,2658 6121,https://iopenroom.com//web/upload/1632892106_fe8f47f6753d7991b36644a9937db81f.jpg,位於大埔的舒適酒店，提供便利的交通和優質的住宿環境。,1
維記 - 灣仔,灣仔駱克道209號,灣仔,2511 1889,https://iopenroom.com//web/upload/1631867698_c8c13588e63571ca37ddfafda99b9a9f.png,"本地時鐘酒店品牌，較近MTR，灣仔睇完戲食飯飲野催情爆房一條龍。

「維記」除了是牛奶品牌的名字，也是香港一家連鎖時鐘酒店的別名。維記酒店全名是「維多利亞酒店」（Hotel Victoria），於 1986 年開業，在一眾 70 後至 90 後之中最為人所知 —— 過去時鐘酒店的房型、服務和收費，是要客人親自 walk in 才知曉的，周末海鮮價、無房要排隊乃等閒事。",1
金星賓館,深水埗鴨寮街252號1字樓A室,深水埗,2361 2603,https://iopenroom.com//web/upload/1633679889_3f01cf77c37eb8f051f54c9903d21f52.jpg,時尚舒適的賓館，為您提供星級的住宿體驗。,1
麟源賓館 / 金泰(時鐘)酒店,旺角水渠道48號皇太子大廈1字樓,旺角,2380 8343,https://iopenroom.com//web/upload/1633684256_967391e191819e4fff7c2bd69762d723.jpg,麟源賓館 / 金泰(時鐘)酒店 ( KAM TAI INN ),1
佳人別墅,九龍旺角洗衣街125號建煌華廈1字樓,旺角,2393 1559,https://iopenroom.com//web/upload/1634980835_57dccc947c8d8510bb45e1f8aa2be022.jpeg,獨立的私密別墅，提供給戀人們專屬的美好空間。,1
根德小築,九龍塘根德道20號,九龍塘,23383517,https://iopenroom.com//web/upload/1633495008_4af52202f77beb11ba59ce2056aa7878.jpg,簡約風格的住宿，為您帶來舒適與寧靜。,1
高雅賓館,新蒲崗衍慶街34-58號衍慶大廈B座2字樓5室,新蒲崗,23202506,https://iopenroom.com//web/upload/1633664035_13351014d79f2da5c6853029bc6247e8.jpg,提供精緻優雅的住宿環境，讓您享受尊貴的待遇。,1
梅瑰園小築,九龍旺角洗衣街215號5字樓,旺角,2392 2000,https://iopenroom.com//web/upload/1633683141_64ff5304ebf5c00cf738f490a3092ef6.jpg,玫瑰園小築 ( Rose Garden Villa ),1
翡翠別墅,銅鑼灣禮頓道44號禮智大廈1字樓,銅鑼灣,2577 2368,https://iopenroom.com//web/upload/1633505677_457669ffddfcf0bbfb5256865f4cadef.jpg,環境優美的別墅住宿，為您提供高品質的休閒時光。,1
甜心時鐘酒店,香港銅鑼灣利園山道70號鳳鳴大廈6,銅鑼灣,2890 5515,https://iopenroom.com//web/upload/1633509762_0d7915092360ed7533e931c6ed5f4f79.webp,香港甜心酒店（銅鑼灣鳳鳴大廈）（Sweet Heart Hostel）坐落於銅鑼灣的中心地帶，這裏距離市中心僅0.1 km，離機場也不過60分鐘的車程。 利園商場2期和時代廣場也近在咫尺。,1
中港酒店,尖沙咀白加士街1-11號康寧大廈1&2字樓,尖沙咀,2730 1113,https://iopenroom.com//web/upload/1634372539_7a7dc1cda8a5f2b4be2dcb815907d56e.jpg,香港中港酒店位置於港島區，交通四通八達，極為理想及方便（鄰近北角港鐵站B4出口及電車站）。,1
百合酒店,油麻地彌敦道578-580號恒隆大廈5樓,旺角,2782 2663,https://iopenroom.com//web/upload/1634885378_60444c7d224f174c3a749496b5f6a6d6.jfif,為您提供清新優雅的住宿環境，讓您在此度過愉快的時光。,1
積寓Jedinn,尖沙咀漆咸道南33-35號友聯大廈3樓E室,尖沙咀,94077374,https://iopenroom.com//web/upload/1668054553_769424d822afef2b70b17af4f8408b50.jpg,"積寓jedinn 位於香港，有空調客房，距離美麗華廣場二期 400 公尺。這間住宿靠近九龍公園、海港城和尖沙咀天星碼頭。這間住宿距離維多利亞港 1 公里。

積寓jedinn 的所有客房均備有平面電視。

這間住宿附近的人氣景點包括 iSQUARE 國際廣場、美麗華廣場和星光大道。",1
皇都小築,荃灣沙咀道241號,荃灣,24394242,https://iopenroom.com//web/upload/1632820297_dd6cac15b72166227ee2a809ae3c527c.jpg,提供皇家風格的奢華住宿，讓您感受身臨其境的享受。,1
陶庭酒店,九龍塘羅福道10號,九龍塘,2338 9191,https://iopenroom.com//web/upload/1631855489_c0446cb7882d6352130eeeea1aee732f.jpg,"陶庭酒店座落地點到九龍塘站只要走一段路，有行李寄存、公共區域提供免費無線網路和24小時接待櫃檯。 提供3.5星級的住宿，和裝有空調的客房。

陶庭酒店附設的客房，裡面備有吹風機、有線/衛星頻道和沏茶與煮咖啡的設施。 旅客可以在舒服的沙發上放鬆一下。",1
雲浦酒店,九龍深水埗荔枝角道149號3-4字樓,深水埗,3628 0888,https://iopenroom.com//web/upload/1633334878_8a51b15a441b9368fc8731940bc6c622.webp,"這間2星級住宿每年都會接待大量旅客。 這間酒店氣氛閒適安逸，而且離市區Allied Plaza SHOPPING, Regal fashion Mall, 鴨寮街等景點僅數步之遙。

雲浦酒店同時提供多種設施，讓您在香港期間的旅程更多姿多采。 酒店內能享受到所有房間免費 Wi-Fi, 24 小時保安, 郵寄服務, 24 小時前台, 特快入住/退房等一系列頂級設施。",1
京都小築,葵涌石蔭路79號金祿樓1字樓,葵涌,24890103,https://iopenroom.com//web/upload/1632886963_7788ddb1aa819c8881f57f89c9e77c4d.png,風格簡約，讓您感受獨特魅力與寧靜。,1
名都酒店,荃灣區沙咀道242-244號1樓,荃灣,26122773,https://iopenroom.com//web/upload/1632818092_4af52202f77beb11ba59ce2056aa7878.jpg,香港名都酒店（家庭旅館）（Hongkong Mingdu Hotel）座落於旺角最繁華地帶彌敦道，為您提供便利的交通與優質的住宿。,1
炮台山7號酒店,北角英皇道294號五洲大廈後座3樓,北角,63615461,https://iopenroom.com//web/upload/1657172002_f9e048bf67d5d5cdaa66020ed78421c7.jpg,自助入住，私隱度高，提供現代化設施與舒適的住宿環境，讓您在此度過愉快的時光。,1
ROOMIE@尖沙咀,尖沙咀彌敦道83-97號華源大廈A座5樓A4室 (電梯按5字),尖沙咀,61177193,https://iopenroom.com//web/upload/1634368307_ede96c2bcca61c4d3b673342eb7998f3.jpg,位於尖沙咀的時尚精品酒店，為您提供便捷的交通和舒適的住宿體驗。,1
新金莎酒店,尖沙咀漆咸道南33-35號友聯大廈1字樓,尖沙咀,2368 1189,https://iopenroom.com//web/upload/1634283534_75d86477de0c8825defba90fe1322ac6.jpg,提供豪華設施和優雅氛圍的時租酒店，讓您度過難忘的一夜。,1
聖地,九龍佐敦德興街9-10號寶來大廈5字,尖沙咀,6293 8880,https://iopenroom.com//web/upload/1634357450_8a1b13b814d39aefdbb83f9bbece8ab6.jpg,"聖地 Holy Holies 互動式空間體驗，是香港較新穎有趣的聖事集中地。

我們提供不同主題的客房，給夫妻或情侶在此互動體驗，
快樂又溫馨地渡過他們美好的時光。",1
高爾時租酒店,旺角砵蘭街211號華美大廈B座3樓全層(朗豪坊側KFC對面),旺角,6770 7768,https://iopenroom.com//web/upload/1634543584_fff53b2cdf61d48acc48871a541c15cb.jpg,無論你想上黎出身汗，或者上黎談心，又或者上黎體驗下被「調教」既滋味，又再或者想上黎睇下「婦科性手」都好，你地既要求我地收到哂！,1
Sober Hotel Mong Kok,旺角通菜街123號,旺角,36588000,https://iopenroom.com//web/upload/1668054623_880c366c75a15fb420bd0a0d781383c1.jpg,入住完美住宿是開展旅程的必備要素。快來享受住宿提供的所有客房免費Wi-Fi吧！ 住宿位於香港旺角的絕佳位置，讓你輕鬆探索熱門景點和餐飲選擇。,1
陽光酒店,九龍深水埗桂林街44號恒誠大廈2字樓A室,深水埗,23878718,https://iopenroom.com//web/upload/1633336071_62581eb366f46d76b7a1e6fdb5c1cc82.webp,香港陽光酒店提供賓館旅店服務及舒適套房服務及舒適套房。位於深水埗，鄰近油尖旺購物區。附近設有24小時超市及餐廳酒樓。,1
Roomie@Mongkok (新興大廈店),旺角彌敦道607號新興大廈,旺角,57221020,https://iopenroom.com//web/upload/1683519799_0e03666082f44947a5178924a1f4f0ba.jpg,位於繁華的旺角區的時尚酒店，為您提供舒適的住宿環境。,1
幸福居,香港尖沙咀彌敦道66-70號金冠大廈9樓 A室,尖沙咀,51096166,https://iopenroom.com//web/upload/1667973559_c32eb7746238d6c0d6861cb6b3f6350a.jpg,「幸福居」位於尖沙咀A2出口旁，獨有既全自助式入住體驗，乾淨企理，有埋格仔鋪比你買野賣野，比到你更高層次既爆房享受！,1
日房居(時鐘酒店),香港魚鰂魚涌英皇道840-850號，民新大廈1樓,鰂魚涌,52999692,https://iopenroom.com//web/upload/1675356373_e0be87d7a484661cd59642c23f34596a.jpeg,港島鰂魚涌時鐘酒店，離鰂魚涌港鐵站C出口5分鐘路程,1
偉帆軒,香港尖沙咀彌敦道66-70號金冠大廈5樓G室,尖沙咀,67535757,https://iopenroom.com//web/upload/1654061560_bcd855ae6eb61161aa3ba15bd48ba294.jpg,偉帆軒賓館距離九龍尖沙咀，步行前往彌敦道購物區只需 1 分鐘。 該家庭旅館靠近海港城和星光大道，提供液晶電視，您定能找到家的舒適。,1
太子Cozi星光體驗館,旺角花園街216-218號花園閣2樓A室,旺角,55379303,https://iopenroom.com//web/upload/1650942344_fd27baf1672cef22638193c4a7a9ea89.jpg,"旺角Cozi 浪漫森林園野風城市綠州，逃離城市煩囂,，房內燈飾將於入房前可預早亮燈，給賓客一個驚喜",1
嘉湖實館,旺角洗衣街163號鴻德大廈2樓(近弼亍旺角東火車站),旺角,23900178,https://iopenroom.com//web/upload/1668568690_ea5596f2b01a0d7015155a44ac598e91.jpeg,近太子地鐵站，距離旺角東站只有幾分鐘的步行路程。,1
恋の星宿,尖沙咀彌敦道83號華源大厦B座8樓,尖沙咀,52292702,https://iopenroom.com//web/upload/1668055103_e0add3f999a917add0527553bb8ad262.jpeg,全新裝修｜Queen Size大床 | NETFLIX ｜ DISNEY ｜大電視,1
彩城賓館,油麻地碧41-49号碧蘭大樓2樓,油麻地,66087223,https://iopenroom.com//web/upload/1657897847_7b26fed1166815509d8de037b3e7e501.jpg,香港彩城賓館（家庭旅館）位於油尖旺區中心點，油麻地地鐵站A1出口（碧街出口步行約1分鐘即到），樓下有24小時營業的餐廳、便利店、藥房和超市等。,1
182 彌敦道,香港尖沙咀彌敦道182號,尖沙咀,23823239,https://iopenroom.com//web/upload/1668148109_5958d67326cac4ea67179ea27a478b55.jpeg,Metacity Living 是一間舒適、清新、寬敞的服務式公寓，位於尖沙咀九龍區的中心地帶。 周圍有主要景點和購物商場，步行一分鐘即可到達佐敦地鐵站，幾分鐘即可到達城中著名的公園九龍公園，可滿足您的長期和短期住宿需求。 我們的客房提供帶 Netflix的智能電視、免費高速無線上網、24 小時禮賓服務以及更多即將推出的功能，以確保您的住宿愉快。,1
漢宮別墅,元朗擊壤路7號鴻福樓2字樓A-B室,元朗,24757528,https://iopenroom.com//web/upload/1632900006_08d2dd28477628db40cec385682c13a2.jpg,把愛情與古典美學融合的漢宮別墅，是一間專為情侶打造的精品酒店。,1